item_name,expiry_date,opening_stock,closing_stock,variance,days_to_expiry,expiry_status,stock_analysis,consumption per month,consumption in 3 months,to purchase,unit,calculated_consumption,mos,clinical_status,is_vip,traffic_light,mos_numeric,final_status
latex gloves,2030-10-01,1468.0,0.0,-1468.0,1648,Long Expiry (>6 Months),Fast Mover,650.0,7800.0,,pkts of 100,1468.0,0.0,RED: Stockout (Order Now!),True,RED: Stockout,0.0,RED: Stockout
sterile surgical gloves 6.5,2030-08-01,650.0,700.0,50.0,1587,Long Expiry (>6 Months),Normal Movement,400.0,1200.0,,pairs,0.0,1.7,GREEN: Healthy,True,GREEN: Healthy VIP,1.8,GREEN: Healthy
sterile surgical gloves 7.0,2030-05-01,4750.0,250.0,-4500.0,1495,Long Expiry (>6 Months),Fast Mover,4500.0,0.0,,pairs,4500.0,0.1,ORANGE: Low Stock,True,ORANGE: Low Stock,0.1,ORANGE: Low Stock
sterile surgical gloves 7.5,2030-08-01,5250.0,487.0,-4763.0,1587,Long Expiry (>6 Months),Fast Mover,244.0,732.0,,pairs,4763.0,2.0,GREEN: Healthy,True,GREEN: Healthy VIP,2.0,GREEN: Healthy
sterile surgical gloves 8.0,2030-07-01,450.0,0.0,-450.0,1556,Long Expiry (>6 Months),Fast Mover,450.0,0.0,,pairs,450.0,0.0,RED: Stockout (Order Now!),True,RED: Stockout,0.0,RED: Stockout
gynaecological gloves,2026-09-01,2331.0,1034.0,-1297.0,157,Medium Expiry (3-6 Months),Fast Mover,2.0,6.0,,pairs,1297.0,517.0,PURPLE: Overstocked (Even for Vital),True,PURPLE: VIP Overstock,517.0,GREEN: VIP Safety Stock (Slow Mover)
red bin liners 30 x 36,2100-01-01,704.0,701.0,-3.0,26942,Long Expiry (>6 Months),Normal Movement,5200.0,15600.0,,pcs,3.0,0.1,ORANGE: Low Stock,False,ORANGE: Low Stock,0.1,ORANGE: Low Stock
yellow bin liners 30 x 36,2100-01-01,1120.0,0.0,-1120.0,26942,Long Expiry (>6 Months),Fast Mover,5200.0,15600.0,,pcs,1120.0,0.0,RED: Stockout (Order Now!),False,RED: Stockout,0.0,RED: Stockout
black bin liners 30 x 36,2100-01-01,668.0,0.0,-668.0,26942,Long Expiry (>6 Months),Fast Mover,1580.0,4740.0,,pcs,668.0,0.0,RED: Stockout (Order Now!),False,RED: Stockout,0.0,RED: Stockout
syringes  20cc,2030-09-01,10.0,0.0,-10.0,1618,Long Expiry (>6 Months),Normal Movement,225.0,675.0,,pkts of 50,10.0,0.0,RED: Stockout (Order Now!),True,RED: Stockout,0.0,RED: Stockout
syringes 10 cc,2100-01-01,0.0,0.0,0.0,26942,Long Expiry (>6 Months),Stockout (Critical),150.0,450.0,,pkts of 100,0.0,0.0,RED: Stockout (Order Now!),True,RED: Stockout,0.0,RED: Stockout
syringes 5 cc,2030-12-01,10.0,26.0,16.0,1709,Long Expiry (>6 Months),Normal Movement,210.0,630.0,,pkts of 100,0.0,0.1,ORANGE: Low Stock,True,ORANGE: Low Stock,0.1,ORANGE: Low Stock
syringes 2cc,2030-12-01,9.0,0.0,-9.0,1709,Long Expiry (>6 Months),Normal Movement,200.0,600.0,,pkts of 100,9.0,0.0,RED: Stockout (Order Now!),True,RED: Stockout,0.0,RED: Stockout
cotton wool 400gms,2030-05-01,470.0,7.0,-463.0,1495,Long Expiry (>6 Months),Fast Mover,170.0,510.0,,rolls,463.0,0.0,ORANGE: Low Stock,True,ORANGE: Low Stock,0.0,ORANGE: Low Stock
jik 5ltrs 4-6%,2100-01-01,0.0,0.0,0.0,26942,Long Expiry (>6 Months),Stockout (Critical),175.0,525.0,,Pcs,0.0,0.0,RED: Stockout (Order Now!),False,RED: Stockout,0.0,RED: Stockout
cannula g18,2030-06-01,2808.0,1500.0,-1308.0,1526,Long Expiry (>6 Months),Fast Mover,22.0,66.0,,pcs,1308.0,68.2,PURPLE: Overstocked (Even for Vital),True,PURPLE: VIP Overstock,68.2,GREEN: VIP Safety Stock (Slow Mover)
cannula g24,2030-08-01,2470.0,0.0,-2470.0,1587,Long Expiry (>6 Months),Fast Mover,15.0,45.0,,pcs,2470.0,0.0,RED: Stockout (Order Now!),True,RED: Stockout,0.0,RED: Stockout
cannula 16,2030-04-01,1010.0,0.0,-1010.0,1465,Long Expiry (>6 Months),Fast Mover,2.0,6.0,,pcs,1010.0,0.0,RED: Stockout (Order Now!),True,RED: Stockout,0.0,RED: Stockout
cannula g 26,2030-04-01,407.0,800.0,393.0,1465,Long Expiry (>6 Months),Normal Movement,7.0,21.0,,pcs,0.0,114.3,PURPLE: Overstocked (Even for Vital),True,PURPLE: VIP Overstock,114.3,GREEN: VIP Safety Stock (Slow Mover)
cannula g22,2030-09-01,411.0,0.0,-411.0,1618,Long Expiry (>6 Months),Fast Mover,22.0,66.0,,pcs,411.0,0.0,RED: Stockout (Order Now!),True,RED: Stockout,0.0,RED: Stockout
cannula g20,2030-06-01,2300.0,1173.0,-1127.0,1526,Long Expiry (>6 Months),Fast Mover,30.0,90.0,,pkts of 100,1127.0,39.1,PURPLE: Overstocked (Even for Vital),True,PURPLE: VIP Overstock,39.1,GREEN: VIP Safety Stock (Slow Mover)
catheters size 16,2100-01-01,0.0,0.0,0.0,26942,Long Expiry (>6 Months),Stockout (Critical),0.0,0.0,,pkt of 10's,0.0,0.0,RED: Stockout (Order Now!),True,RED: Stockout,999.0,RED: Stockout
catheters size 18,2100-01-01,0.0,0.0,0.0,26942,Long Expiry (>6 Months),Stockout (Critical),0.0,0.0,,pkt of 10's,0.0,0.0,RED: Stockout (Order Now!),True,RED: Stockout,999.0,RED: Stockout
urine bags,2030-07-01,910.0,353.0,-557.0,1556,Long Expiry (>6 Months),Fast Mover,0.0,0.0,,pcs,557.0,353000000.0,PURPLE: Dead Stock (Review Needed),False,PURPLE: Regular Dead Stock,999.0,BLACK: True Deadstock (Zero Movement)
"crepe bandages 6""",2100-01-01,0.0,0.0,0.0,26942,Long Expiry (>6 Months),Stockout (Critical),0.0,0.0,,dozens,0.0,0.0,RED: Stockout (Order Now!),True,RED: Stockout,999.0,RED: Stockout
"pop   6""",2100-01-01,0.0,0.0,0.0,26942,Long Expiry (>6 Months),Stockout (Critical),0.0,0.0,,pairs,0.0,0.0,RED: Stockout (Order Now!),True,RED: Stockout,999.0,RED: Stockout
surgicell 10 x 20cm,2100-01-01,0.0,0.0,0.0,26942,Long Expiry (>6 Months),Stockout (Critical),4.0,12.0,,dozens,0.0,0.0,RED: Stockout (Order Now!),False,RED: Stockout,0.0,RED: Stockout
nylon sutures 2 rb (40mm,2030-03-01,21.0,28.0,7.0,1434,Long Expiry (>6 Months),Normal Movement,0.0,0.0,,dozens,0.0,28000000.0,PURPLE: Dead Stock (Review Needed),True,PURPLE: VIP Overstock,999.0,BLACK: True Deadstock (Zero Movement)
nylon sutures 2/0 rc,2030-07-01,21.0,90.0,69.0,1556,Long Expiry (>6 Months),Normal Movement,20.0,60.0,,dozens,0.0,4.5,GREEN: Healthy,True,GREEN: Healthy VIP,4.5,GREEN: Healthy
nylon sutures 3/0 rb,2100-01-01,0.0,0.0,0.0,26942,Long Expiry (>6 Months),Stockout (Critical),0.0,0.0,,dozens,0.0,0.0,RED: Stockout (Order Now!),True,RED: Stockout,999.0,RED: Stockout
nylon sutures 3/0 rc,2030-02-01,107.0,0.0,-107.0,1406,Long Expiry (>6 Months),Fast Mover,12.0,36.0,,dozens,107.0,0.0,RED: Stockout (Order Now!),True,RED: Stockout,0.0,RED: Stockout
nylon sutures 1 rc 40 mm,2030-03-01,16.0,86.0,70.0,1434,Long Expiry (>6 Months),Normal Movement,0.0,0.0,,dozens,0.0,86000000.0,PURPLE: Dead Stock (Review Needed),True,PURPLE: VIP Overstock,999.0,BLACK: True Deadstock (Zero Movement)
vicryl sutures 2/0 rb 40mm,2030-05-01,15.0,10.0,-5.0,1495,Long Expiry (>6 Months),Normal Movement,5.0,0.0,,dozens,5.0,2.0,GREEN: Healthy,True,GREEN: Healthy VIP,2.0,GREEN: Healthy
vicryl sutures 2/0 rb 36mm,2030-09-01,12.0,0.0,-12.0,1618,Long Expiry (>6 Months),Fast Mover,12.0,0.0,,dozens,12.0,0.0,RED: Stockout (Order Now!),True,RED: Stockout,0.0,RED: Stockout
vicryl sutures 2/0 rc 40mm,2030-07-01,9.0,0.0,-9.0,1556,Long Expiry (>6 Months),Normal Movement,9.0,0.0,,dozens,9.0,0.0,RED: Stockout (Order Now!),True,RED: Stockout,0.0,RED: Stockout
vicryl sutures 2/0 rc 36mm,2030-09-01,3.0,0.0,-3.0,1618,Long Expiry (>6 Months),Normal Movement,3.0,0.0,,dozens,3.0,0.0,RED: Stockout (Order Now!),True,RED: Stockout,0.0,RED: Stockout
vicryl sutures 3/0 rb,2100-01-01,0.0,0.0,0.0,26942,Long Expiry (>6 Months),Stockout (Critical),12.0,36.0,,dozens,0.0,0.0,RED: Stockout (Order Now!),True,RED: Stockout,0.0,RED: Stockout
vicryl sutures 3/0 rc,2100-01-01,0.0,0.0,0.0,26942,Long Expiry (>6 Months),Stockout (Critical),12.0,36.0,,dozens,0.0,0.0,RED: Stockout (Order Now!),True,RED: Stockout,0.0,RED: Stockout
vicryl sutures 2  rb,2100-01-01,0.0,0.0,0.0,26942,Long Expiry (>6 Months),Stockout (Critical),40.0,120.0,,dozens,0.0,0.0,RED: Stockout (Order Now!),True,RED: Stockout,0.0,RED: Stockout
vicryl sutures 2 rc,2100-01-01,0.0,0.0,0.0,26942,Long Expiry (>6 Months),Stockout (Critical),12.0,36.0,,dozens,0.0,0.0,RED: Stockout (Order Now!),True,RED: Stockout,0.0,RED: Stockout
vicryl sutures 1 rb,2100-01-01,0.0,0.0,0.0,26942,Long Expiry (>6 Months),Stockout (Critical),20.0,60.0,,dozens,0.0,0.0,RED: Stockout (Order Now!),True,RED: Stockout,0.0,RED: Stockout
vicryl sutures 1 rc 40mm,2026-06-01,32.0,124.0,92.0,65,Short Expiry (<3 Months),Normal Movement,0.0,0.0,,dozens,0.0,124000000.0,PURPLE: Dead Stock (Review Needed),True,PURPLE: VIP Overstock,999.0,BLACK: True Deadstock (Zero Movement)
vicryl sutures  4/0 rc 40mm,2026-06-01,8.0,8.0,0.0,65,Short Expiry (<3 Months),Active Stock (Static Count),0.0,0.0,,dozens,0.0,8000000.0,PURPLE: Dead Stock (Review Needed),True,PURPLE: VIP Overstock,999.0,BLACK: True Deadstock (Zero Movement)
vicryl sutures  4/0 rb,2100-01-01,0.0,0.0,0.0,26942,Long Expiry (>6 Months),Stockout (Critical),4.0,12.0,,dozens,0.0,0.0,RED: Stockout (Order Now!),True,RED: Stockout,0.0,RED: Stockout
silk sutures 1 rb,2100-01-01,0.0,0.0,0.0,26942,Long Expiry (>6 Months),Stockout (Critical),4.0,12.0,,dozens,0.0,0.0,RED: Stockout (Order Now!),True,RED: Stockout,0.0,RED: Stockout
silk sutures 2/0 rc (35 mm),2030-05-01,4.0,4.0,0.0,1495,Long Expiry (>6 Months),Active Stock (Static Count),0.0,0.0,,dozens,0.0,4000000.0,PURPLE: Dead Stock (Review Needed),True,PURPLE: VIP Overstock,999.0,BLACK: True Deadstock (Zero Movement)
silk sutures 2/0 rb 40mm,2030-11-01,5.0,5.0,0.0,1679,Long Expiry (>6 Months),Active Stock (Static Count),0.0,0.0,,dozens,0.0,5000000.0,PURPLE: Dead Stock (Review Needed),True,PURPLE: VIP Overstock,999.0,BLACK: True Deadstock (Zero Movement)
silk sutures 2 rb 40mm,2030-06-01,4.0,4.0,0.0,1526,Long Expiry (>6 Months),Active Stock (Static Count),0.0,0.0,,dozens,0.0,4000000.0,PURPLE: Dead Stock (Review Needed),True,PURPLE: VIP Overstock,999.0,BLACK: True Deadstock (Zero Movement)
synthecon 4/0 rb 26 mm,2028-07-01,24.0,24.0,0.0,826,Long Expiry (>6 Months),Dead Stock (Frozen Money),0.0,0.0,,dozens,0.0,24000000.0,PURPLE: Dead Stock (Review Needed),False,PURPLE: Regular Dead Stock,999.0,BLACK: True Deadstock (Zero Movement)
synthecon 5/0 rc 19 mm,2028-11-01,10.0,0.0,-10.0,949,Long Expiry (>6 Months),Normal Movement,10.0,0.0,,dozens,10.0,0.0,RED: Stockout (Order Now!),False,RED: Stockout,0.0,RED: Stockout
synthecon 5/0 rb 17 mm,2029-07-01,3.0,0.0,-3.0,1191,Long Expiry (>6 Months),Normal Movement,3.0,0.0,,dozens,3.0,0.0,RED: Stockout (Order Now!),False,RED: Stockout,0.0,RED: Stockout
synthecon 6/0 rc 19 mm,2028-10-01,9.0,0.0,-9.0,918,Long Expiry (>6 Months),Normal Movement,9.0,0.0,,dozens,9.0,0.0,RED: Stockout (Order Now!),False,RED: Stockout,0.0,RED: Stockout
synthecon 6/0 rc 13 mm,2029-08-01,6.0,0.0,-6.0,1222,Long Expiry (>6 Months),Normal Movement,6.0,0.0,,dozens,6.0,0.0,RED: Stockout (Order Now!),False,RED: Stockout,0.0,RED: Stockout
polyproplene 5/0 rb 13mm,2027-06-01,4.0,0.0,-4.0,430,Long Expiry (>6 Months),Normal Movement,4.0,0.0,,dozens,4.0,0.0,RED: Stockout (Order Now!),False,RED: Stockout,0.0,RED: Stockout
surgicril 6/0 rb 13mm,2029-11-01,8.0,0.0,-8.0,1314,Long Expiry (>6 Months),Normal Movement,8.0,0.0,,dozens,8.0,0.0,RED: Stockout (Order Now!),False,RED: Stockout,0.0,RED: Stockout
advacryl 6/0 13mm,2029-12-01,10.0,0.0,-10.0,1344,Long Expiry (>6 Months),Normal Movement,10.0,0.0,,dozens,10.0,0.0,RED: Stockout (Order Now!),False,RED: Stockout,0.0,RED: Stockout
dermatech 4/0 rb 17mm,2029-01-01,8.0,0.0,-8.0,1010,Long Expiry (>6 Months),Normal Movement,8.0,0.0,,dozens,8.0,0.0,RED: Stockout (Order Now!),False,RED: Stockout,0.0,RED: Stockout
dermacryl 5/0 rb 17mm,2030-08-01,10.0,0.0,-10.0,1587,Long Expiry (>6 Months),Normal Movement,10.0,0.0,,dozens,10.0,0.0,RED: Stockout (Order Now!),False,RED: Stockout,0.0,RED: Stockout
safety box,2100-01-01,0.0,0.0,0.0,26942,Long Expiry (>6 Months),Stockout (Critical),0.0,0.0,,pcs,0.0,0.0,RED: Stockout (Order Now!),False,RED: Stockout,999.0,RED: Stockout
face masks,2029-08-01,361.0,432.0,71.0,1222,Long Expiry (>6 Months),Normal Movement,0.0,0.0,,pkt of 50's,0.0,432000000.0,PURPLE: Dead Stock (Review Needed),True,PURPLE: VIP Overstock,999.0,BLACK: True Deadstock (Zero Movement)
hand sanitizers,2100-01-01,0.0,0.0,0.0,26942,Long Expiry (>6 Months),Stockout (Critical),0.0,0.0,,Pcs,0.0,0.0,RED: Stockout (Order Now!),False,RED: Stockout,999.0,RED: Stockout
paraffin gauze  10 x 10 cm,2030-09-01,381.0,0.0,-381.0,1618,Long Expiry (>6 Months),Fast Mover,381.0,0.0,,pkt of 10's,381.0,0.0,RED: Stockout (Order Now!),True,RED: Stockout,0.0,RED: Stockout
gauze rolls 1.5kgs,2030-09-01,208.0,0.0,-208.0,1618,Long Expiry (>6 Months),Fast Mover,0.0,0.0,,Pcs,208.0,0.0,RED: Stockout (Order Now!),True,RED: Stockout,999.0,RED: Stockout
steranios (glutaraldehyde 2%) 5ltrs,2100-01-01,0.0,0.0,0.0,26942,Long Expiry (>6 Months),Stockout (Critical),6.0,18.0,,Pcs,0.0,0.0,RED: Stockout (Order Now!),False,RED: Stockout,0.0,RED: Stockout
bactigrass,2100-01-01,0.0,0.0,0.0,26942,Long Expiry (>6 Months),Stockout (Critical),0.0,0.0,,pkt of 10's,0.0,0.0,RED: Stockout (Order Now!),False,RED: Stockout,999.0,RED: Stockout
endozyme,2100-01-01,0.0,0.0,0.0,26942,Long Expiry (>6 Months),Stockout (Critical),17.0,51.0,,pcs,0.0,0.0,RED: Stockout (Order Now!),False,RED: Stockout,0.0,RED: Stockout
nasal oxygen cannula- neonate,2100-01-01,517.0,0.0,-517.0,26942,Long Expiry (>6 Months),Fast Mover,517.0,0.0,,pcs,517.0,0.0,RED: Stockout (Order Now!),True,RED: Stockout,0.0,RED: Stockout
nasal oxygen cannula - paeds,2100-01-01,18.0,78.0,60.0,26942,Long Expiry (>6 Months),Normal Movement,0.0,0.0,,pcs,0.0,78000000.0,PURPLE: Dead Stock (Review Needed),True,PURPLE: VIP Overstock,999.0,BLACK: True Deadstock (Zero Movement)
nasal oxygen cannula- infant,2100-01-01,770.0,0.0,-770.0,26942,Long Expiry (>6 Months),Fast Mover,770.0,0.0,,pcs,770.0,0.0,RED: Stockout (Order Now!),True,RED: Stockout,0.0,RED: Stockout
nasal oxygen cannula- adult,2100-01-01,1526.0,0.0,-1526.0,26942,Long Expiry (>6 Months),Fast Mover,1526.0,0.0,,pcs,1526.0,0.0,RED: Stockout (Order Now!),True,RED: Stockout,0.0,RED: Stockout
non-rebreather mask paeds,2100-01-01,620.0,0.0,-620.0,26942,Long Expiry (>6 Months),Fast Mover,620.0,0.0,,pcs,620.0,0.0,RED: Stockout (Order Now!),True,RED: Stockout,0.0,RED: Stockout
non-rebreather mask adult,2100-01-01,10.0,0.0,-10.0,26942,Long Expiry (>6 Months),Normal Movement,10.0,0.0,,pcs,10.0,0.0,RED: Stockout (Order Now!),True,RED: Stockout,0.0,RED: Stockout
identification band adult,2028-08-01,5200.0,87.0,-5113.0,857,Long Expiry (>6 Months),Fast Mover,5113.0,0.0,,pcs,5113.0,0.0,ORANGE: Low Stock,False,ORANGE: Low Stock,0.0,ORANGE: Low Stock
identification band paeds,2026-08-01,2300.0,600.0,-1700.0,126,Medium Expiry (3-6 Months),Fast Mover,1700.0,0.0,,pcs,1700.0,0.4,ORANGE: Low Stock,False,ORANGE: Low Stock,0.4,ORANGE: Low Stock
needles g23,2030-09-01,3.0,0.0,-3.0,1618,Long Expiry (>6 Months),Normal Movement,3.0,0.0,,pkt of 100's,3.0,0.0,RED: Stockout (Order Now!),True,RED: Stockout,0.0,RED: Stockout
folleys catheter 2 way - sz 12,2027-01-01,15.0,0.0,-15.0,279,Long Expiry (>6 Months),Fast Mover,15.0,0.0,,pcs,15.0,0.0,RED: Stockout (Order Now!),True,RED: Stockout,0.0,RED: Stockout
folleys catheter 2 way - sz 16,2030-06-01,88.0,46.0,-42.0,1526,Long Expiry (>6 Months),Fast Mover,42.0,0.0,,pcs,42.0,1.1,GREEN: Healthy,True,ORANGE: Low Stock,1.1,ORANGE: Low Stock
folleys catheter 2 way - sz 18,2030-02-01,37.0,42.0,5.0,1406,Long Expiry (>6 Months),Normal Movement,0.0,0.0,,pcs,0.0,42000000.0,PURPLE: Dead Stock (Review Needed),True,PURPLE: VIP Overstock,999.0,BLACK: True Deadstock (Zero Movement)
folleys catheter 2 way - sz 10,2027-01-01,16.0,0.0,-16.0,279,Long Expiry (>6 Months),Fast Mover,16.0,0.0,,pcs,16.0,0.0,RED: Stockout (Order Now!),True,RED: Stockout,0.0,RED: Stockout
folleys catheter 3 way - sz 22,2028-08-01,3.0,3.0,0.0,857,Long Expiry (>6 Months),Active Stock (Static Count),0.0,0.0,,Pcs,0.0,3000000.0,PURPLE: Dead Stock (Review Needed),True,PURPLE: VIP Overstock,999.0,BLACK: True Deadstock (Zero Movement)
biopsy,2030-04-01,11.0,10.0,-1.0,1465,Long Expiry (>6 Months),Normal Movement,1.0,0.0,,pcs,1.0,10.0,PURPLE: Dead Stock (Review Needed),False,PURPLE: Regular Dead Stock,10.0,GREEN: Healthy
tracheostomy 4.5 cuffed,2028-05-01,10.0,0.0,-10.0,765,Long Expiry (>6 Months),Normal Movement,10.0,0.0,,pcs,10.0,0.0,RED: Stockout (Order Now!),False,RED: Stockout,0.0,RED: Stockout
tracheostomy 5.0 cuffed,2028-12-01,10.0,10.0,0.0,979,Long Expiry (>6 Months),Dead Stock (Frozen Money),0.0,0.0,,pcs,0.0,10000000.0,PURPLE: Dead Stock (Review Needed),False,PURPLE: Regular Dead Stock,999.0,BLACK: True Deadstock (Zero Movement)
tracheostomy 7.0 cuffed,2027-05-01,5.0,5.0,0.0,399,Long Expiry (>6 Months),Dead Stock (Frozen Money),0.0,0.0,,pcs,0.0,5000000.0,PURPLE: Dead Stock (Review Needed),False,PURPLE: Regular Dead Stock,999.0,BLACK: True Deadstock (Zero Movement)
tracheostomy 7.5 cuffed,2027-06-01,19.0,5.0,-14.0,430,Long Expiry (>6 Months),Fast Mover,14.0,0.0,,pcs,14.0,0.4,ORANGE: Low Stock,False,ORANGE: Low Stock,0.4,ORANGE: Low Stock
p.o.p gypsona 6'',2100-01-01,660.0,0.0,-660.0,26942,Long Expiry (>6 Months),Fast Mover,660.0,0.0,,Pairs,660.0,0.0,RED: Stockout (Order Now!),False,RED: Stockout,0.0,RED: Stockout
chest drainage catheter with trocar sz28,2030-12-01,69.0,60.0,-9.0,1709,Long Expiry (>6 Months),Normal Movement,9.0,0.0,,pcs,9.0,6.7,PURPLE: Dead Stock (Review Needed),True,GREEN: Healthy VIP,6.7,GREEN: Healthy
chest drainage catheter with trocar sz14,2028-05-01,7.0,7.0,0.0,765,Long Expiry (>6 Months),Active Stock (Static Count),0.0,0.0,,pcs,0.0,7000000.0,PURPLE: Dead Stock (Review Needed),True,PURPLE: VIP Overstock,999.0,BLACK: True Deadstock (Zero Movement)
endotracheal tube 7.0 cuffed,2030-12-01,25.0,24.0,-1.0,1709,Long Expiry (>6 Months),Normal Movement,1.0,0.0,,pcs,1.0,24.0,PURPLE: Dead Stock (Review Needed),False,PURPLE: Regular Dead Stock,24.0,PURPLE: Regular Slow Mover
endotracheal tube 4.0 cuffed,2029-06-01,52.0,50.0,-2.0,1161,Long Expiry (>6 Months),Normal Movement,2.0,0.0,,pcs,2.0,25.0,PURPLE: Dead Stock (Review Needed),False,PURPLE: Regular Dead Stock,25.0,PURPLE: Regular Slow Mover
endotracheal tube 3.0 cuffed,2029-02-01,39.0,39.0,0.0,1041,Long Expiry (>6 Months),Active Stock (Static Count),0.0,0.0,,pcs,0.0,39000000.0,PURPLE: Dead Stock (Review Needed),False,PURPLE: Regular Dead Stock,999.0,BLACK: True Deadstock (Zero Movement)
endotracheal tube 5.5 cuffed,2030-12-01,18.0,18.0,0.0,1709,Long Expiry (>6 Months),Active Stock (Static Count),0.0,0.0,,pcs,0.0,18000000.0,PURPLE: Dead Stock (Review Needed),False,PURPLE: Regular Dead Stock,999.0,BLACK: True Deadstock (Zero Movement)
endotracheal tube 2.5 cuffed,2029-01-01,17.0,17.0,0.0,1010,Long Expiry (>6 Months),Active Stock (Static Count),0.0,0.0,,pcs,0.0,17000000.0,PURPLE: Dead Stock (Review Needed),False,PURPLE: Regular Dead Stock,999.0,BLACK: True Deadstock (Zero Movement)
endotracheal tube 6.5 cuffed,2030-12-01,136.0,136.0,0.0,1709,Long Expiry (>6 Months),Active Stock (Static Count),0.0,0.0,,pcs,0.0,136000000.0,PURPLE: Dead Stock (Review Needed),False,PURPLE: Regular Dead Stock,999.0,BLACK: True Deadstock (Zero Movement)
endotracheal tube 7.5 cuffed,2029-05-01,71.0,70.0,-1.0,1130,Long Expiry (>6 Months),Normal Movement,1.0,0.0,,pcs,1.0,70.0,PURPLE: Dead Stock (Review Needed),False,PURPLE: Regular Dead Stock,70.0,PURPLE: Regular Slow Mover
evodrill perforators adult,2029-08-01,6.0,6.0,0.0,1222,Long Expiry (>6 Months),Dead Stock (Frozen Money),0.0,0.0,,pcs,0.0,6000000.0,PURPLE: Dead Stock (Review Needed),False,PURPLE: Regular Dead Stock,999.0,BLACK: True Deadstock (Zero Movement)
feeding tube sz 16,2030-10-01,888.0,74.0,-814.0,1648,Long Expiry (>6 Months),Fast Mover,814.0,0.0,,pcs,814.0,0.1,ORANGE: Low Stock,False,ORANGE: Low Stock,0.1,ORANGE: Low Stock
feeding tube sz 14,2029-12-01,257.0,314.0,57.0,1344,Long Expiry (>6 Months),Normal Movement,0.0,0.0,,pcs,0.0,314000000.0,PURPLE: Dead Stock (Review Needed),False,PURPLE: Regular Dead Stock,999.0,BLACK: True Deadstock (Zero Movement)
feeding tube sz 12,2030-10-01,300.0,316.0,16.0,1648,Long Expiry (>6 Months),Normal Movement,0.0,0.0,,pcs,0.0,316000000.0,PURPLE: Dead Stock (Review Needed),False,PURPLE: Regular Dead Stock,999.0,BLACK: True Deadstock (Zero Movement)
feeding tube sz 10,2028-08-01,36.0,84.0,48.0,857,Long Expiry (>6 Months),Normal Movement,0.0,0.0,,pcs,0.0,84000000.0,PURPLE: Dead Stock (Review Needed),False,PURPLE: Regular Dead Stock,999.0,BLACK: True Deadstock (Zero Movement)
feeding tube sz 08,2028-02-01,500.0,200.0,-300.0,675,Long Expiry (>6 Months),Fast Mover,300.0,0.0,,pcs,300.0,0.7,ORANGE: Low Stock,False,ORANGE: Low Stock,0.7,ORANGE: Low Stock
feeding tube sz 06,2030-04-01,686.0,200.0,-486.0,1465,Long Expiry (>6 Months),Fast Mover,486.0,0.0,,pcs,486.0,0.4,ORANGE: Low Stock,False,ORANGE: Low Stock,0.4,ORANGE: Low Stock
feeding tube sz 04,2030-02-01,482.0,101.0,-381.0,1406,Long Expiry (>6 Months),Fast Mover,381.0,0.0,,pcs,381.0,0.3,ORANGE: Low Stock,False,ORANGE: Low Stock,0.3,ORANGE: Low Stock
sunction catheter sz 20,2026-06-01,267.0,225.0,-42.0,65,Short Expiry (<3 Months),Fast Mover,42.0,0.0,,pcs,42.0,5.4,GREEN: Healthy,True,GREEN: Healthy VIP,5.4,GREEN: Healthy
sunction catheter sz 16,2030-05-01,815.0,814.0,-1.0,1495,Long Expiry (>6 Months),Normal Movement,1.0,0.0,,pcs,1.0,814.0,PURPLE: Dead Stock (Review Needed),True,PURPLE: VIP Overstock,814.0,GREEN: VIP Safety Stock (Slow Mover)
sunction catheter sz 14,2030-04-01,20.0,181.0,161.0,1465,Long Expiry (>6 Months),Normal Movement,0.0,0.0,,pcs,0.0,181000000.0,PURPLE: Dead Stock (Review Needed),True,PURPLE: VIP Overstock,999.0,BLACK: True Deadstock (Zero Movement)
sunction catheter sz 12,2030-04-01,1120.0,60.0,-1060.0,1465,Long Expiry (>6 Months),Fast Mover,1060.0,0.0,,pcs,1060.0,0.1,ORANGE: Low Stock,True,ORANGE: Low Stock,0.1,ORANGE: Low Stock
sunction catheter sz 10,2029-09-01,350.0,213.0,-137.0,1253,Long Expiry (>6 Months),Fast Mover,137.0,0.0,,pcs,137.0,1.6,GREEN: Healthy,True,GREEN: Healthy VIP,1.6,GREEN: Healthy
sunction catheter sz 08,2100-01-01,0.0,0.0,0.0,26942,Long Expiry (>6 Months),Stockout (Critical),0.0,0.0,,pcs,0.0,0.0,RED: Stockout (Order Now!),True,RED: Stockout,999.0,RED: Stockout
sunction catheter sz 06,2030-04-01,159.0,343.0,184.0,1465,Long Expiry (>6 Months),Normal Movement,0.0,0.0,,pcs,0.0,343000000.0,PURPLE: Dead Stock (Review Needed),True,PURPLE: VIP Overstock,999.0,BLACK: True Deadstock (Zero Movement)
"z.o.p 4""",2030-04-01,1295.0,890.0,-405.0,1465,Long Expiry (>6 Months),Fast Mover,405.0,0.0,,pcs,405.0,2.2,GREEN: Healthy,False,GREEN: Healthy Regular,2.2,GREEN: Healthy
"z.o.p 3""",2030-07-01,60.0,0.0,-60.0,1556,Long Expiry (>6 Months),Fast Mover,60.0,0.0,,pcs,60.0,0.0,RED: Stockout (Order Now!),False,RED: Stockout,0.0,RED: Stockout
"primapore  3""",2030-08-01,173.0,0.0,-173.0,1587,Long Expiry (>6 Months),Fast Mover,173.0,0.0,,pcs,173.0,0.0,RED: Stockout (Order Now!),False,RED: Stockout,0.0,RED: Stockout
ambu bag - adult,2029-09-01,6.0,15.0,9.0,1253,Long Expiry (>6 Months),Normal Movement,0.0,0.0,,pcs,0.0,15000000.0,PURPLE: Dead Stock (Review Needed),False,PURPLE: Regular Dead Stock,999.0,BLACK: True Deadstock (Zero Movement)
ambu bag - paeds,2029-10-01,25.0,0.0,-25.0,1283,Long Expiry (>6 Months),Fast Mover,25.0,0.0,,pcs,25.0,0.0,RED: Stockout (Order Now!),False,RED: Stockout,0.0,RED: Stockout
ambu bag - infant/neonate,2028-07-01,28.0,0.0,-28.0,826,Long Expiry (>6 Months),Fast Mover,28.0,0.0,,pcs,28.0,0.0,RED: Stockout (Order Now!),False,RED: Stockout,0.0,RED: Stockout
"elastic adhesive bandage 6""",2028-07-01,70.0,48.0,-22.0,826,Long Expiry (>6 Months),Fast Mover,22.0,0.0,,pcs,22.0,2.2,GREEN: Healthy,True,GREEN: Healthy VIP,2.2,GREEN: Healthy
harpic cleaner,2027-01-01,48.0,0.0,-48.0,279,Long Expiry (>6 Months),Fast Mover,48.0,0.0,,pcs,48.0,0.0,RED: Stockout (Order Now!),False,RED: Stockout,0.0,RED: Stockout
polyester thread,2100-01-01,51.0,21.0,-30.0,26942,Long Expiry (>6 Months),Fast Mover,30.0,0.0,,pcs,30.0,0.7,ORANGE: Low Stock,False,ORANGE: Low Stock,0.7,ORANGE: Low Stock
elastic tape,2100-01-01,3.0,3.0,0.0,26942,Long Expiry (>6 Months),Active Stock (Static Count),0.0,0.0,,pcs,0.0,3000000.0,PURPLE: Dead Stock (Review Needed),False,PURPLE: Regular Dead Stock,999.0,BLACK: True Deadstock (Zero Movement)
leather gloves,2100-01-01,11.0,16.0,5.0,26942,Long Expiry (>6 Months),Normal Movement,0.0,0.0,,pairs,0.0,16000000.0,PURPLE: Dead Stock (Review Needed),True,PURPLE: VIP Overstock,999.0,BLACK: True Deadstock (Zero Movement)
laerdel mask paed,2100-01-01,12.0,0.0,-12.0,26942,Long Expiry (>6 Months),Fast Mover,12.0,0.0,,pcs,12.0,0.0,RED: Stockout (Order Now!),True,RED: Stockout,0.0,RED: Stockout
umbilical cord clamps,2026-05-01,900.0,800.0,-100.0,34,Short Expiry (<3 Months),Fast Mover,100.0,0.0,,pcs,100.0,8.0,PURPLE: Dead Stock (Review Needed),False,PURPLE: Regular Dead Stock,8.0,GREEN: Healthy
mva kit,2100-01-01,3.0,3.0,0.0,26942,Long Expiry (>6 Months),Active Stock (Static Count),0.0,0.0,,pcs,0.0,3000000.0,PURPLE: Dead Stock (Review Needed),False,PURPLE: Regular Dead Stock,999.0,BLACK: True Deadstock (Zero Movement)
skin tranction kit,2023-03-01,2.0,0.0,-2.0,-1123,Expired,Normal Movement,2.0,0.0,,pcs,2.0,0.0,RED: Stockout (Order Now!),False,RED: Stockout,0.0,RED: Stockout
spinal needle g 22,2029-05-01,7.0,8.0,1.0,1130,Long Expiry (>6 Months),Normal Movement,0.0,0.0,,pkts of 25,0.0,8000000.0,PURPLE: Dead Stock (Review Needed),True,PURPLE: VIP Overstock,999.0,BLACK: True Deadstock (Zero Movement)
bone wax,2030-09-01,3.0,5.0,2.0,1618,Long Expiry (>6 Months),Normal Movement,0.0,0.0,,dozens,0.0,5000000.0,PURPLE: Dead Stock (Review Needed),False,PURPLE: Regular Dead Stock,999.0,BLACK: True Deadstock (Zero Movement)
orthopaedic padding,2029-09-17,7200.0,0.0,-7200.0,1269,Long Expiry (>6 Months),Fast Mover,7200.0,0.0,,pcs,7200.0,0.0,RED: Stockout (Order Now!),False,RED: Stockout,0.0,RED: Stockout
stethoscope dual head,2100-01-01,6.0,6.0,0.0,26942,Long Expiry (>6 Months),Fixed Asset (Not for Consumption),0.0,0.0,,Pcs,0.0,6000000.0,PURPLE: Dead Stock (Review Needed),False,PURPLE: Regular Dead Stock,999.0,BLACK: True Deadstock (Zero Movement)
salter scale w/o pant,2100-01-01,2.0,2.0,0.0,26942,Long Expiry (>6 Months),Fixed Asset (Not for Consumption),0.0,0.0,,Pcs,0.0,2000000.0,PURPLE: Dead Stock (Review Needed),False,PURPLE: Regular Dead Stock,999.0,BLACK: True Deadstock (Zero Movement)
digital thermometer,2100-01-01,5.0,7.0,2.0,26942,Long Expiry (>6 Months),Normal Movement,0.0,0.0,,Pcs,0.0,7000000.0,PURPLE: Dead Stock (Review Needed),False,PURPLE: Regular Dead Stock,999.0,BLACK: True Deadstock (Zero Movement)
analog bathroomscale,2100-01-01,2.0,2.0,0.0,26942,Long Expiry (>6 Months),Fixed Asset (Not for Consumption),0.0,0.0,,Pcs,0.0,2000000.0,PURPLE: Dead Stock (Review Needed),False,PURPLE: Regular Dead Stock,999.0,BLACK: True Deadstock (Zero Movement)
bp machine manual (sphygnomanometre),2100-01-01,7.0,7.0,0.0,26942,Long Expiry (>6 Months),Fixed Asset (Not for Consumption),0.0,0.0,,Pcs,0.0,7000000.0,PURPLE: Dead Stock (Review Needed),False,PURPLE: Regular Dead Stock,999.0,BLACK: True Deadstock (Zero Movement)
paper gloves,2030-05-01,51.0,65.0,14.0,1495,Long Expiry (>6 Months),Normal Movement,0.0,0.0,,Pcs,0.0,65000000.0,PURPLE: Dead Stock (Review Needed),True,PURPLE: VIP Overstock,999.0,BLACK: True Deadstock (Zero Movement)
silicon catheter sz 6 2way,2027-09-01,69.0,90.0,21.0,522,Long Expiry (>6 Months),Normal Movement,0.0,0.0,,Pcs,0.0,90000000.0,PURPLE: Dead Stock (Review Needed),True,PURPLE: VIP Overstock,999.0,BLACK: True Deadstock (Zero Movement)
silicon catheter sz 16 2way,2030-06-01,29.0,29.0,0.0,1526,Long Expiry (>6 Months),Active Stock (Static Count),0.0,0.0,,pcs,0.0,29000000.0,PURPLE: Dead Stock (Review Needed),True,PURPLE: VIP Overstock,999.0,BLACK: True Deadstock (Zero Movement)
silicon catheter sz 8 2way,2029-01-01,9.0,9.0,0.0,1010,Long Expiry (>6 Months),Active Stock (Static Count),0.0,0.0,,pcs,0.0,9000000.0,PURPLE: Dead Stock (Review Needed),True,PURPLE: VIP Overstock,999.0,BLACK: True Deadstock (Zero Movement)
sterile gauze swabs 10 x 10 cm,2027-12-01,25.0,25.0,0.0,613,Long Expiry (>6 Months),Active Stock (Static Count),0.0,0.0,,pkts of 25,0.0,25000000.0,PURPLE: Dead Stock (Review Needed),True,PURPLE: VIP Overstock,999.0,BLACK: True Deadstock (Zero Movement)
disposable speculum (m),2029-11-01,900.0,900.0,0.0,1314,Long Expiry (>6 Months),Active Stock (Static Count),0.0,0.0,,pcs,0.0,900000000.0,PURPLE: Dead Stock (Review Needed),False,PURPLE: Regular Dead Stock,999.0,BLACK: True Deadstock (Zero Movement)
disposable speculum (l),2029-12-01,400.0,400.0,0.0,1344,Long Expiry (>6 Months),Active Stock (Static Count),0.0,0.0,,pcs,0.0,400000000.0,PURPLE: Dead Stock (Review Needed),False,PURPLE: Regular Dead Stock,999.0,BLACK: True Deadstock (Zero Movement)
male condom catheters,2030-03-01,200.0,0.0,-200.0,1434,Long Expiry (>6 Months),Fast Mover,200.0,0.0,,pcs,200.0,0.0,RED: Stockout (Order Now!),True,RED: Stockout,0.0,RED: Stockout
paediatric urine collector,2026-06-27,200.0,0.0,-200.0,91,Medium Expiry (3-6 Months),Fast Mover,200.0,0.0,,pcs,200.0,0.0,RED: Stockout (Order Now!),False,RED: Stockout,0.0,RED: Stockout
"autoclaving tape 3/4""",2030-07-01,253.0,168.0,-85.0,1556,Long Expiry (>6 Months),Fast Mover,85.0,0.0,,rolls,85.0,2.0,GREEN: Healthy,False,GREEN: Healthy Regular,2.0,GREEN: Healthy
colostomy bag adult,2028-12-01,170.0,0.0,-170.0,979,Long Expiry (>6 Months),Fast Mover,170.0,0.0,,pcs,170.0,0.0,RED: Stockout (Order Now!),False,RED: Stockout,0.0,RED: Stockout
colostomy bag paeds,2028-10-01,269.0,0.0,-269.0,918,Long Expiry (>6 Months),Fast Mover,269.0,0.0,,pcs,269.0,0.0,RED: Stockout (Order Now!),False,RED: Stockout,0.0,RED: Stockout
"surgical blade 15""",2027-11-01,22782.0,5491.0,-17291.0,583,Long Expiry (>6 Months),Fast Mover,17291.0,0.0,,pcs,17291.0,0.3,ORANGE: Low Stock,True,ORANGE: Low Stock,0.3,ORANGE: Low Stock
"surgical blade 11""",2030-08-01,2900.0,1985.0,-915.0,1587,Long Expiry (>6 Months),Fast Mover,915.0,0.0,,pcs,915.0,2.2,GREEN: Healthy,True,GREEN: Healthy Regular,2.2,GREEN: Healthy
"surgical blade 23""",2028-05-01,25253.0,25097.0,-156.0,765,Long Expiry (>6 Months),Fast Mover,156.0,0.0,,pcs,156.0,160.9,PURPLE: Dead Stock (Review Needed),True,PURPLE: Regular Dead Stock,160.9,GREEN: VIP Safety Stock (Slow Mover)
under water chest drainage bottle,2030-04-01,105.0,144.0,39.0,1465,Long Expiry (>6 Months),Normal Movement,0.0,0.0,,pcs,0.0,144000000.0,PURPLE: Dead Stock (Review Needed),False,PURPLE: Regular Dead Stock,999.0,BLACK: True Deadstock (Zero Movement)
alcohol swabs,2030-05-01,452.0,6.0,-446.0,1495,Long Expiry (>6 Months),Fast Mover,446.0,0.0,,pkts of 100,446.0,0.0,ORANGE: Low Stock,False,ORANGE: Low Stock,0.0,ORANGE: Low Stock
ecg electrodes adult,2026-08-01,3900.0,86.0,-3814.0,126,Medium Expiry (3-6 Months),Fast Mover,3814.0,0.0,,pcs,3814.0,0.0,ORANGE: Low Stock,False,ORANGE: Low Stock,0.0,ORANGE: Low Stock
ecg electrodes paeds,2026-08-01,3100.0,3.0,-3097.0,126,Medium Expiry (3-6 Months),Fast Mover,3097.0,0.0,,pcs,3097.0,0.0,ORANGE: Low Stock,False,ORANGE: Low Stock,0.0,ORANGE: Low Stock
surgical gown,2028-03-01,59.0,0.0,-59.0,704,Long Expiry (>6 Months),Fast Mover,59.0,0.0,,pcs,59.0,0.0,RED: Stockout (Order Now!),True,RED: Stockout,0.0,RED: Stockout
tongue depressor,2100-01-01,83.0,0.0,-83.0,26942,Long Expiry (>6 Months),Fast Mover,83.0,0.0,,pkt of 100's,83.0,0.0,RED: Stockout (Order Now!),False,RED: Stockout,0.0,RED: Stockout
insulin syringes 6mm,2027-07-01,4350.0,1300.0,-3050.0,460,Long Expiry (>6 Months),Fast Mover,3050.0,0.0,,pcs,3050.0,0.4,ORANGE: Low Stock,True,ORANGE: Low Stock,0.4,ORANGE: Low Stock
steranios,2029-04-01,32.0,35.0,3.0,1100,Long Expiry (>6 Months),Normal Movement,0.0,0.0,,5ltrs,0.0,35000000.0,PURPLE: Dead Stock (Review Needed),False,PURPLE: Regular Dead Stock,999.0,BLACK: True Deadstock (Zero Movement)
sanicrub hand wash 4%,2027-05-01,6.0,8.0,2.0,399,Long Expiry (>6 Months),Normal Movement,0.0,0.0,,5ltrs,0.0,8000000.0,PURPLE: Dead Stock (Review Needed),False,PURPLE: Regular Dead Stock,999.0,BLACK: True Deadstock (Zero Movement)
vim 400grams,2100-01-01,72.0,0.0,-72.0,26942,Long Expiry (>6 Months),Fast Mover,72.0,0.0,,CAN,72.0,0.0,RED: Stockout (Order Now!),False,RED: Stockout,0.0,RED: Stockout
hme bacteria adult,2100-01-01,65.0,65.0,0.0,26942,Long Expiry (>6 Months),Dead Stock (Frozen Money),0.0,0.0,,pcs,0.0,65000000.0,PURPLE: Dead Stock (Review Needed),False,PURPLE: Regular Dead Stock,999.0,BLACK: True Deadstock (Zero Movement)
hme bacteria paed,2100-01-01,173.0,0.0,-173.0,26942,Long Expiry (>6 Months),Fast Mover,173.0,0.0,,pcs,173.0,0.0,RED: Stockout (Order Now!),False,RED: Stockout,0.0,RED: Stockout
toilet balls,2100-01-01,31.0,0.0,-31.0,26942,Long Expiry (>6 Months),Fast Mover,31.0,0.0,,pkts of 6,31.0,0.0,RED: Stockout (Order Now!),False,RED: Stockout,0.0,RED: Stockout
super bright,2100-01-01,73.0,0.0,-73.0,26942,Long Expiry (>6 Months),Fast Mover,73.0,0.0,,dozens,73.0,0.0,RED: Stockout (Order Now!),False,RED: Stockout,0.0,RED: Stockout
